日期,开盘价,最高价,最低价,收盘价,成交量,成交额
1990-01-22,1331.82,3087.11,1.04,1.04,4028629314,1640113286
1990-01-23,1006.7,3645.28,135.28,3123.52,2167551744,545916936
1990-01-30,853.84,2964.06,69.31,2744.95,1576075264,3363057743
1990-04-03,2513.39,3380.72,5.87,5.87,816778304,4183981016
1990-04-27,3648.91,3648.91,2663.8,3473.07,3315924992,1601631290
1990-06-19,1391.57,3530.24,1391.57,2509.98,535166976,3490832278
1990-07-20,3607.23,4260.11,2020.42,2020.42,2494143232,1220791339
1990-10-24,4275.29,4275.29,10.23,10.23,1916797133,79717758
1991-02-18,2082.48,3368.13,2.2,2.2,1074994912,1227030979
1991-07-18,76.04,3437.11,15.4,15.4,2831876161,2658754724
1991-12-26,648.95,1107.77,9.34,9.34,193134840,942897655
1992-01-06,4009.43,4009.43,343.74,343.74,403111936,4154859217
1992-01-31,2337.92,4186.25,16.03,16.03,248053843,917527050
1992-06-04,845.22,3294.21,269.81,2820.86,1797259264,1689508773
1992-07-05,2542.04,3297.11,8.45,8.45,2480945452,4249589332
1992-08-26,2396.36,2843.04,11.82,11.82,3756130451,1905056661
1992-10-27,1457.03,3025.58,1143.03,1143.03,1458561136,8829929
1993-01-03,949.51,3972.07,1.24,1.24,3829399584,989250305
1993-01-31,1955.66,4036.96,403.76,4036.96,1260453888,3473433954
1993-03-08,323.27,2115.63,11.86,11.86,2440167442,1588130623
1993-03-30,4160.97,4160.97,6.8,6.8,201654431,1744042005
1993-04-13,2487.44,2487.44,131.68,416.23,3262513336,1358808502
1993-11-03,392.92,4203.27,5.88,5.88,1740898322,1156159787
1993-11-14,2159.8,2715.84,882.55,2715.84,712638464,3900658563
1994-02-22,2476.64,2476.64,2.72,2.72,2551775419,1435952407
1994-02-23,2428.74,3780.87,877.31,877.31,1551499264,2974457440
1994-03-15,2297.92,2297.92,8.11,8.11,2368999135,3993257713
1994-06-28,2255.81,2255.81,15.31,15.31,288227407,3801818106
1994-07-23,93.19,3199.36,93.19,3199.36,2153119768,796076915
1994-07-26,2920.06,2920.06,10.22,10.22,1971060927,1324154064
1994-07-29,48.56,3724.8,8.16,8.16,1496776792,2735015057
1994-09-12,1787.89,4078.24,1596.06,3795.49,3089563648,3600499244
1994-11-04,3194.53,3194.53,5.34,5.34,3300196402,1900221934
1994-11-20,3223.45,3223.45,4.08,4.08,796655870,1350886641
1994-12-11,1928.2,2000.75,83.59,83.59,2993225809,2162399260
1995-02-17,1374.16,3530.07,140.87,3530.07,1556348928,2179447467
1995-03-25,871.89,4026.78,2.48,2.48,726401069,2652198146
1995-04-29,1249.01,3644.46,46.11,2293.84,1437990912,3306152023
1995-05-13,1715.51,4005.4,1065.03,2611.14,503185408,3481145539
1995-07-17,3905.04,3905.04,474.33,1705.67,1011023872,613624746
1995-09-18,2777.48,4224.98,2707.27,2707.27,3138715648,3087136956
1996-03-10,1663.18,2218.08,5.92,5.92,977059927,1831106237
1996-03-25,1410.8,3883.13,1410.8,1491.65,3134390272,2099187252
1996-04-19,863.29,2322.87,8.38,8.38,3445424216,4007122418
1996-05-01,3170.33,3170.33,3.6,3.6,1107099845,1019163662
1996-05-02,804.73,2676.65,0.75,0.75,108396634,1119228583
1996-09-24,3378.19,3885.43,482.3,482.3,1341521920,2689016569
1997-08-15,3796.46,3796.46,108.74,108.74,900005888,1281554843
1997-09-03,375.99,2039.11,8.1,8.1,2766405669,2971374260
1997-09-18,4103.56,4253.56,550.26,550.26,189857954,1384676813
1997-10-29,750.07,1914.68,11.83,11.83,2255093857,1429329630
1997-12-08,2415.5,3293.22,5.92,5.92,1161232404,1580758660
1997-12-19,1579.66,3535.03,12.18,12.18,1701773421,2794194318
1998-02-06,2475.22,4178.9,12.66,12.66,927924469,471869503
1998-04-19,1662.33,2730.77,145.7,145.7,1580155125,1009081744
1998-05-19,1469.56,3220.68,940.7,3220.68,4010016768,3724119588
1998-06-13,1353.05,1353.05,7.3,7.3,765853720,622411199
1998-07-09,3049.86,3049.86,16.09,16.09,2903376037,355775035
1998-09-30,2372.06,2372.06,5.5,5.5,3503947826,269914915
1999-02-26,2127.78,4106.09,181.69,4106.09,3837445632,3615492946
1999-03-16,3329.66,3329.66,1088.86,3072.67,3439132672,2267935044
1999-03-20,1196.87,3900.25,1.85,1.85,2740125710,1026469962
1999-09-20,1484.69,2514.52,222.59,2514.52,3805806592,316228839
1999-12-22,132.52,2820.53,1.41,1.41,1871052905,2223550356
2000-01-26,3478.49,3895.44,1465.5,1465.5,1900150784,3724434771
2000-02-10,4254.2,4254.2,0.07,0.07,964231186,2204581648
2000-10-13,151.39,4071.22,151.39,3224.17,2287599616,1000666931
2000-12-15,3301.4,3301.4,639.27,639.27,2096956928,4028996938
2001-01-08,2171.2,2642.83,183.67,183.67,1757478912,2332602366
2001-01-18,133.09,1951.83,10.39,10.39,1861157001,2708779448
2001-01-26,3573.4,4015.81,2701.13,4015.81,527400960,2377461130
2001-06-01,1553.9,4258.55,3.36,3.36,4230021298,2422254260
2001-06-02,973.66,3796.66,4.12,4.12,4151574724,3814088544
2001-08-12,4088.47,4088.47,1061.24,1527.05,2370568192,1634170383
2001-11-13,503.4,3830.47,503.4,876.14,2241455104,1118377708
2001-12-13,489.83,3623.02,134.61,527.14,1557103616,873786105
2001-12-21,2751.98,2751.98,67.38,2053.61,26023936,4048178163
2002-01-23,1735.96,3057.6,2.44,2.44,2912301209,2899226457
2002-02-17,2884.3,3776.95,1606.75,3776.95,131870720,887429335
2002-03-03,4049.35,4049.35,258.39,258.39,4086497280,154108234
2002-03-14,542.04,3556.12,542.04,991.22,3099131904,3089763365
2002-11-14,1003.83,3175.0,16.33,16.33,174850131,3901706031
2002-12-07,1507.03,2886.62,496.7,1363.34,2525757440,3667427963
2003-04-04,3881.9,3881.9,402.69,402.69,4241176401,625272304
2003-06-09,994.16,2539.42,213.35,213.35,414777344,1416833273
2003-07-11,3693.63,4037.4,8.05,8.05,672794878,3591440607
2003-08-13,1576.18,3024.38,1.2,1.2,3454902274,1966413394
2003-12-16,2106.78,4069.74,6.26,6.26,3764125793,2710433432
2003-12-28,3276.06,3276.06,190.24,190.24,3532062720,261658274
2004-07-11,64.33,3420.56,13.23,13.23,1106644453,2952865186
2004-07-24,804.83,1359.22,6.75,6.75,2830696533,2276978083
2005-01-15,3378.04,4159.25,469.32,852.19,1992884224,726572306
2005-10-09,1053.61,2313.84,545.13,545.13,3404792011,2346107108
2006-01-17,3740.57,3740.57,1.82,1.82,129761417,1012842931
2006-01-25,3053.05,3053.05,763.23,2821.34,3080716288,1488692378
2006-07-18,3550.49,3550.49,12.36,12.36,1079771257,1920103412
2006-11-06,3565.49,3565.49,24.81,1546.0,571473920,152132968
2006-11-07,248.86,1788.35,3.1,3.1,1327169754,1806575101
2006-11-11,1934.39,2612.06,1934.39,2218.52,2773221376,1343332073
2007-04-27,515.58,1556.7,515.58,952.1,3477667840,1573485385
2007-06-28,3426.9,3689.33,1087.69,1087.69,644481024,278294830
2007-07-13,170.61,2903.45,3.48,3.48,2484207687,4223666500
2008-01-16,2687.23,3470.5,1.67,1.67,3504668883,3915389055
2008-01-23,1744.67,2404.39,145.53,145.53,1691746304,3879837931
2008-02-24,3070.01,3070.01,209.27,209.27,2689556673,3618325866
2008-11-30,3403.27,3403.27,12.21,12.21,437715124,938962967
2009-01-02,2980.72,3519.22,1369.75,3519.22,4081123328,726008353
2009-01-19,3329.25,3329.25,1132.23,2173.79,3898474496,3864431199
2009-02-08,2889.73,2889.73,12.06,12.06,1312424250,2370554831
2009-02-12,1916.15,4101.36,7.67,7.67,1273823325,3760626120
2009-04-11,1457.56,1457.56,9.15,9.15,225050632,3533046630
2009-04-29,3366.88,4090.31,839.0,4090.31,1692794880,760767896
2009-07-01,339.5,1114.79,6.4,6.4,3834970144,46516156
2009-07-12,1036.67,2008.61,3.37,3.37,3956211821,3471653738
2009-08-13,2673.34,2892.06,259.74,2596.43,3361210368,2798592756
2009-09-05,1274.81,4060.65,694.33,2415.51,595329024,1113571500
2009-12-02,2293.48,2293.48,606.82,1090.69,2685665280,3603867223
2009-12-10,1641.02,3140.29,1427.39,2916.89,826736640,3411842731
2010-02-05,2285.12,3338.31,1331.03,3338.31,340545536,2068632885
2010-02-24,2240.08,2240.08,3.22,3.22,3132424400,1753552716
2010-02-28,3935.85,3935.85,1089.92,1089.92,2135359511,1634002588
2010-03-01,175.93,1568.99,175.93,213.68,2061828102,1723539954
2010-03-10,2803.79,2803.79,1998.09,1998.09,3873767424,3127869402
2010-07-02,3206.81,3319.72,2.94,2.94,1433337926,2214524332
2010-08-03,1626.36,4089.43,14.65,14.65,2795962479,1886522361
2010-08-21,3694.76,3793.69,3.08,3.08,4268359807,2899031356
2010-09-06,2511.91,2511.91,24.87,24.87,1140261851,2650274252
2010-10-04,3064.92,3064.92,4.97,1762.34,300941458,3866011229
2010-12-25,2430.11,2430.11,15.92,15.92,2953838881,3974435497
2011-01-09,4206.41,4206.41,13.76,13.76,4044697958,1487492382
2011-09-27,1086.37,4250.11,39.95,39.95,1478820025,2481487083
2011-10-17,1897.19,3373.69,7.1,7.1,974192658,1230549273
2012-02-12,3280.93,3280.93,0.07,0.07,2887805582,159397903
2012-08-27,1591.08,2956.8,12.18,12.18,366370874,4208118017
2012-09-19,3008.74,3337.97,15.38,15.38,626000950,593707869
2012-10-06,86.81,3487.4,86.81,198.69,3142713344,2505820209
2012-11-02,3571.96,3571.96,11.18,11.18,337117233,2010238559
2012-11-25,3796.96,3796.96,5.82,5.82,4025090067,953901447
2012-12-14,252.54,3669.11,15.15,15.15,263258219,1998869763
2012-12-18,4103.82,4103.82,15.02,15.02,2452029529,145871989
2013-01-08,1504.0,1818.42,10.42,10.42,904200374,3092704155
2013-01-29,48.3,1694.93,14.62,14.62,2130575443,44733270
2013-03-08,261.86,2604.7,11.63,11.63,1797324996,3142756950
2013-03-15,1731.59,3325.35,1731.59,2265.36,2282949376,3034737201
2013-04-25,3670.56,3670.56,10.78,10.78,3748266091,2124893865
2013-05-30,797.61,4188.45,9.33,9.33,1317470323,152785884
2013-07-11,3499.52,3499.52,4.87,4.87,112525366,1957663273
2013-11-16,187.55,1585.4,16.56,16.56,2972320169,4153923787
2013-11-21,3820.92,3820.92,676.6,676.6,774701056,427688312
2013-11-22,366.16,2467.16,6.07,6.07,1132855512,485597365
2014-01-04,1262.74,3120.83,270.72,780.17,1799421960,3279175146
2014-03-13,442.51,3989.76,442.51,1361.16,1394278400,2308062294
2014-04-18,1760.22,1787.77,16.22,16.22,3719434317,1054698356
2014-04-28,1500.71,3065.63,9.78,9.78,3894739008,3366557338
2014-07-29,85.09,3724.19,11.7,11.7,1871249518,3150221680
2014-09-15,3281.97,3281.97,7.04,7.04,2582446332,3499967509
2014-09-21,4261.89,4261.89,1.27,1.27,310902806,2433794604
2014-10-31,988.46,3997.28,1.63,1.63,2491744452,3683608337
2014-11-20,4224.82,4224.82,10.15,10.15,216662090,2199444660
2015-01-14,1119.9,4028.76,243.01,3513.11,217655296,3385788071
2015-01-16,1010.19,3091.5,2.63,2.63,1605435449,3299795665
2015-02-28,485.73,2757.94,5.92,5.92,190840981,1087375247
2015-03-16,293.01,3814.65,13.52,13.52,967704727,3149901280
2015-08-13,4195.28,4195.28,715.67,4011.34,4160159744,1268683714
2015-10-01,3380.45,3380.45,4.27,4.27,3969320589,3254249426
2015-10-26,4277.27,4277.27,2173.98,3279.03,2092957696,591503135
2016-03-27,2748.33,3592.71,2285.07,3152.95,3245211648,3898527088
2016-04-08,596.15,3164.26,8.33,3164.26,1133795584,3354242154
2016-08-24,171.89,3946.61,14.31,14.31,1220739094,1242281560
2016-10-10,3943.21,3943.21,1633.95,1633.95,448659456,2194664413
2016-10-15,1418.94,3721.24,191.72,3721.24,1886519296,2361320481
2016-10-31,1237.16,1760.32,8.26,8.26,3213885449,1811317497
2017-02-26,376.85,1421.26,280.09,280.09,2977169408,3686261050
2017-04-30,2932.32,3749.43,1547.5,1547.5,3078291456,4119291884
2017-06-22,862.13,3821.12,14.52,14.52,3427270842,2697152711
2017-07-26,240.51,3948.65,4.64,4.64,3390374720,1535634393
2017-08-31,2448.38,4027.85,14.6,14.6,130875569,2827845539
2017-09-11,1636.01,3239.65,6.16,6.16,3185573964,2019301798
2017-09-26,3750.81,3750.81,10.77,10.77,2407333979,536519302
2017-09-26,1439.05,4063.93,1439.05,2847.92,3309895808,754524442
2017-12-27,1397.42,3171.47,836.76,3171.47,3668180992,1362629650
2018-03-02,2125.05,3073.0,15.25,15.25,2871984277,882485313
2018-03-05,2344.84,3545.59,1482.28,2238.99,3956015104,1409554718
2018-03-20,4143.62,4143.62,1107.9,1107.9,542179329,2049295222
2018-05-16,2143.84,3670.43,14.35,14.35,293666883,687934704
2018-06-08,4076.22,4178.22,1465.1,1804.69,584777728,266068006
2018-08-24,940.91,2674.69,9.11,2674.69,3288017099,2158427450
2018-10-05,1716.37,3484.12,1283.24,3484.12,1436878336,2161226991
2018-10-08,1520.23,3394.95,5.46,5.46,1405419677,561083110
2019-01-10,4226.59,4226.59,16.14,16.14,2097545316,2395336865
2019-02-02,1042.9,1183.79,148.18,1183.79,1253900288,1140633328
2019-03-20,107.23,3322.67,107.23,3011.95,3215851520,994411199
2019-07-12,1810.04,3692.34,16.47,16.47,1392590602,509589411
2019-08-04,2760.97,2760.97,23.74,1847.66,4238813184,2194852221
2020-01-04,3199.4,3199.4,15.89,15.89,959250456,284615735
2020-01-10,3392.49,3392.49,74.93,804.59,1286144000,162436263
2020-01-28,3829.9,3829.9,2.48,2.48,2437808317,322631488
2020-05-24,1810.72,1810.72,7.88,7.88,2270363798,1083533224
2020-08-08,3703.38,3703.38,608.13,2595.09,2693988352,2033549969
2020-08-28,3945.85,3945.85,1623.82,1623.82,1699414016,1417170389
2020-10-08,4179.82,4179.82,0.01,0.01,1832053851,3859551199
2020-12-26,2423.83,2939.17,113.21,2939.17,995098624,561090128
2020-12-27,3128.68,4265.05,1480.78,2734.74,2075995392,2993914822
2021-09-11,997.46,2562.51,997.46,1821.81,4062318592,2770471771
2021-11-13,3737.02,3894.81,14.05,14.05,522904576,1578234127
2021-12-06,2689.24,3351.24,580.88,2566.18,2938109952,3488206648
2022-02-11,1647.07,3181.85,1647.07,3181.85,440926212,373035832
2022-03-22,919.89,3198.48,180.45,180.45,2733510144,108041442
2022-03-31,3076.18,3258.14,9.29,9.29,703397949,3646047044
2022-04-27,2760.93,4005.86,1500.75,2552.89,4118216704,2161368765
2022-06-28,343.5,3902.79,343.5,2132.98,4241096704,2075823058
2022-07-03,1711.61,1787.6,3.84,3.84,656474313,4275321765
2022-09-20,4124.35,4124.35,16.52,16.52,2751594620,2577915405
2023-01-15,1951.33,1951.33,126.41,563.06,352714752,1884473072
2023-01-17,219.54,1018.23,168.14,1018.23,40304640,3182245247
2023-02-27,2485.33,3667.09,652.44,3667.09,1646395394,3593878963
2023-05-07,1178.58,4194.05,6.23,6.23,978444148,3823103913
2023-05-12,4197.4,4197.4,319.23,2591.95,2991259648,2808027309
2023-05-25,3878.3,3878.3,1540.48,3791.23,3714383872,2540620576
2023-06-26,1514.09,1820.82,11.89,11.89,2710569004,2089308438
2023-07-15,3378.83,4216.2,246.17,4216.2,1028980736,1239021409
2023-09-16,1889.91,4188.37,16.25,16.25,3973468300,3128899915
2023-10-09,2354.29,4252.19,1467.02,1944.72,1172832256,928744740
2023-10-16,3264.43,3264.43,1973.94,2781.19,1280114688,2526568162
2024-03-29,3159.25,3643.4,14.43,14.43,2260467723,2764364024
2024-08-24,3581.76,3869.06,12.13,12.13,3519610982,3086305105
2024-12-02,1753.49,2258.38,11.65,11.65,549322763,1289263981
2025-06-08,232.89,2832.46,232.89,2832.46,4230938624,2773767105
2025-07-01,1973.88,3227.08,11.92,11.92,107086042,2380521448
2025-12-20,94.59,3855.45,94.59,3855.45,987496448,2083125740
2025-12-28,332.15,2160.61,4.61,4.61,3861381253,3372586110
2026-01-11,2218.13,4241.76,195.85,195.85,2804088832,3566545245
2026-02-25,947.9,2610.59,2.72,2.72,1531707558,1191047915
2026-04-04,3955.83,3955.83,2.55,2.55,2416312343,2502366916
2026-04-20,4263.39,4263.39,11.09,11.09,2576285834,1947829950
2026-06-28,1597.81,2563.85,8.18,8.18,2575679706,82485814
2026-07-03,1955.01,2492.23,1034.23,2492.23,614944780,2314462762
2026-10-05,2913.88,3906.49,7.82,7.82,3033727102,315105508
2026-10-13,3533.39,4074.59,1351.11,1351.11,84410368,2996381319
2027-02-21,664.88,1995.96,11.49,11.49,1132134548,3526681825
2027-08-13,85.89,4243.01,41.12,4243.01,2444427264,3441410442
2027-12-21,1377.7,1377.7,3.19,3.19,19922954,2847497492
2028-04-01,2682.47,2750.9,15.27,15.27,2465702407,3944281412
2028-04-28,1595.94,3409.49,8.61,8.61,662438040,3195928984
2028-06-13,661.51,1299.54,16.12,16.12,996409579,1891168773
2028-08-26,309.09,381.6,16.14,16.14,1199177766,1790644612
2028-09-27,562.0,3243.52,16.63,16.63,3440705610,860848436
2028-11-23,3277.7,3464.34,13.04,13.04,1512570950,496463404
2028-12-21,1032.33,3119.84,5.45,5.45,98107630,3104075843
2029-01-05,3354.92,3745.81,10.54,10.54,584712419,807562463
2029-01-11,2555.85,3850.29,240.11,240.11,2187722752,3347079165
2029-02-15,4188.03,4188.03,7.61,7.61,3267231781,1843988037
2029-06-14,2853.86,3616.82,3.39,3.39,3466592371,3333971639
2029-08-03,311.59,887.82,8.99,8.99,3675521339,4043541517
2029-12-09,265.18,2243.06,6.01,6.01,1281228982,3483641906
2029-12-27,2986.45,3627.65,787.15,3627.65,4146790400,2447859754
2030-01-25,3409.78,3927.48,16.17,16.17,3908829427,3925586835
2030-01-29,2222.05,3616.94,891.07,1724.32,1383399424,612842700
2030-02-19,3883.25,4107.05,11.33,11.33,2477261054,1923718427
2030-07-06,3902.74,3902.74,14.32,14.32,135790817,3398725910
2030-12-09,3352.31,3352.31,15.4,15.4,872677454,1494102897
2031-04-18,2261.28,3889.51,216.41,2990.81,3791912960,158185506
2031-05-10,881.8,3187.73,881.8,3187.73,3574127360,2321658517
2031-06-04,3488.06,3488.06,7.25,7.25,4148953147,3187839807
2031-08-25,273.16,4164.45,10.95,10.95,1921925374,3462901314
2031-08-29,4050.81,4050.81,2364.91,2852.64,3295346704,2377951693
2031-12-26,2536.12,3909.64,8.52,8.52,3631888487,1340815789
2032-01-13,3022.87,3853.34,3.33,3.33,3561095177,3671834424
2032-03-05,3602.79,3602.79,644.57,644.57,3507945472,2680972578
2032-03-30,992.15,3458.23,992.15,3458.23,25296896,2383236536
2032-05-01,2966.23,4176.88,1557.36,4176.88,2072510976,1127525493
2032-05-01,2553.52,3720.63,1464.34,3720.63,4015587328,3223917805
2032-09-09,354.39,3836.77,9.32,9.32,4116316383,2896285731
2032-12-02,4105.2,4269.3,2416.25,4269.3,1924595712,1379687489
2033-02-20,2200.4,4200.01,9.95,9.95,2344813673,2631478923
2033-03-14,2138.8,2138.8,1194.82,1195.55,1811415040,970950376
2033-06-28,2505.77,3784.92,8.01,3784.92,2382774272,508839545
2033-08-14,2069.8,2069.8,238.48,774.06,705822720,1596056894
2033-09-02,3281.9,4197.58,1311.48,1311.48,2549424140,1995521595
2033-11-08,1259.34,3940.45,1259.34,2349.29,4206952448,3978126994
2033-12-20,1263.3,1263.3,5.49,5.49,747055160,66868655
2034-03-21,348.11,3280.65,1.41,1.41,116719649,883881203
2034-04-15,2829.82,2829.82,3.16,3.16,3697213652,2954578867
2034-05-28,4107.71,4107.71,7.86,7.86,2571239435,2983721913
2034-06-02,3735.81,3735.81,0.78,0.78,807207053,423049791
2034-10-15,1593.76,1593.76,8.17,8.17,1742150105,4097634895
2034-11-23,1194.68,4272.83,289.24,3942.32,3448373248,1369578278
2035-06-17,3891.05,4007.81,339.63,2340.1,2268856320,1025201056
2035-11-13,4181.58,4181.58,0.23,0.23,3422683203,253646881
2036-02-21,208.3,3947.81,208.3,755.73,58720256,3216501756
2036-03-05,2244.42,2244.42,3.32,3.32,178847843,2568671648
2036-04-01,3491.48,3491.48,1.45,1.45,515375161,47534555
2036-05-24,2013.78,4159.64,2013.78,4090.1,1099628544,3063958750
2036-07-04,2856.67,2856.67,574.1,1317.77,2765619200,3228863793
2036-09-18,3051.35,3403.85,405.24,3403.85,1972305920,2612819141
2036-10-12,1084.5,3614.25,747.4,747.4,1265696768,1981848895
2036-10-30,1882.75,2294.45,1882.75,2180.56,3677618176,4170733194
2036-11-07,1576.4,4272.88,6.24,6.24,620232950,3672009809
2036-12-06,2836.94,4021.55,10.76,10.76,857342139,3970965312
2036-12-10,2707.87,2707.87,1026.84,1829.91,1651900416,3232009398
2036-12-23,1187.69,1386.12,15.6,15.6,377639118,2847916566
2036-12-29,781.23,4093.88,781.23,2163.76,1915682816,3908861248
2037-02-18,3266.44,3266.44,3.82,3.82,1034748044,3007749533
2037-05-04,3385.71,3385.71,0.71,0.71,2507079807,542486327
2037-05-12,4235.46,4235.46,12.6,12.6,3212839568,3291733987
2037-05-13,233.45,2228.44,14.26,14.26,1826357490,2288449500
2037-05-20,2112.22,3545.99,120.94,3545.99,3547004928,905444933
2037-05-21,2698.9,3936.35,857.67,3936.35,2642084011,3342256043
2037-06-05,511.85,1958.29,9.12,9.12,3343188113,1503663401
2037-08-28,698.32,2676.37,698.32,2676.37,2241462272,2329115797
2037-12-02,2151.38,4085.95,2088.15,2788.56,3081961472,3716522620
2037-12-26,196.65,2555.31,10.62,10.62,4173398170,3176242214
2038-01-26,228.84,2137.57,228.84,815.93,939982857,252910844
2038-04-02,496.22,3946.55,496.22,3946.55,2239234048,375259895
2038-07-02,2758.84,3919.09,7.55,7.55,2559181015,1173198737
2038-07-15,3072.92,3072.92,15.15,15.15,954662944,1724294592
2038-10-14,3443.57,4147.77,14.42,14.42,2093678616,18099383
2038-11-21,516.58,2502.86,516.58,2502.86,3742892056,4042807710
2038-12-27,2445.79,2445.79,2.56,2.56,184221935,772480481
2039-01-07,3227.01,3227.01,217.56,217.56,2822590172,455913881
2039-01-15,1261.15,1261.15,3.21,3.21,3465937108,3712834516
2039-03-12,4144.27,4144.27,7.02,7.02,3795648686,3892055388
2039-06-25,2032.62,2790.56,12.82,12.82,3359375542,3991766197
2039-07-07,826.93,4121.86,826.93,2150.5,323768576,723283559
2039-09-20,66.58,3438.74,2.71,2.71,544211165,2587024320
2039-11-15,3700.38,3700.38,452.99,452.99,2899928024,1819476163
2039-11-25,2211.6,2211.6,191.44,191.44,1090285824,3295263167
2040-08-19,2969.7,3683.0,1165.88,2213.08,2966880280,1249466709
2040-09-13,2282.53,3404.17,13.42,13.42,1654259763,2312881957
2040-12-22,1043.71,3971.44,1043.71,1806.48,28050176,598423393
2041-04-11,2921.96,4243.41,0.85,0.85,2691235962,1341204493
2041-05-31,1258.89,3328.39,77.47,3104.74,1532905728,1299147956
2041-08-28,2954.59,4172.66,3.24,3.24,3997696076,4263357463
2041-09-14,387.36,2909.78,387.36,2200.43,1723203584,4272124274
2041-10-10,3952.41,3952.41,1.38,1.38,1431830711,1686480299
2041-10-15,788.35,1986.15,788.35,1986.15,2086510592,426599123
2042-01-01,2945.28,3308.76,2.81,2.81,839033063,3069930914
2042-05-29,4208.74,4208.74,1707.33,1884.7,3932553216,4127735534
2042-08-08,2853.34,3211.95,12.17,12.17,2212495599,3138652300
2042-08-15,801.24,3186.26,110.42,110.42,1637892099,286739874
2042-11-04,1130.0,2445.2,1130.0,2445.2,1264451584,132196785
2042-11-28,121.58,2881.24,3.95,3.95,1948319918,2736764804
2042-12-15,1221.88,3731.9,907.3,907.3,297336832,1418198766
2043-07-24,1215.72,2883.97,1215.72,1450.41,919076864,2504806612
2044-01-14,1259.07,3564.57,13.41,13.41,657195259,4043768322
2044-04-24,208.37,543.88,4.65,4.65,3759341756,2458461810
2044-05-22,19.59,1907.59,4.33,4.33,3069313047,4270604327
2044-05-24,2619.61,3795.7,2.13,2.13,2184201264,54029923
2044-08-27,2942.9,3473.19,2942.9,3473.19,3112894464,973928896
2044-09-28,1200.78,3290.65,477.75,477.75,2783318016,2580444182
2044-12-20,970.5,970.5,6.28,6.28,1761807084,3655520060
2044-12-25,3405.68,3405.68,11.42,11.42,438698124,3930353268
2045-03-21,518.34,3973.34,31.4,3973.34,1823211536,1961531765
2045-03-23,887.6,3853.38,13.91,13.91,1686634690,1249428535
2045-04-16,3749.11,3749.11,731.68,1385.27,4057333760,2293611224
2045-04-20,1060.63,1060.63,4.22,4.22,615907466,3583235675
2045-08-08,2170.53,3915.37,2.69,2.69,4137418826,2242005896
2046-05-08,4072.52,4072.52,4.53,4.53,381812824,346673554
2046-05-10,3577.89,3577.89,837.65,3056.48,709033984,535549425
2046-07-23,2597.43,3669.17,12.39,12.39,2517303392,1694339685
2046-08-23,2006.54,3210.2,7.41,7.41,1459159071,3607672365
2046-09-03,2451.58,2750.57,65.11,65.11,920256512,2201406363
2046-09-16,1746.67,2122.94,6.13,6.13,1204945000,1648080777
2046-10-10,3873.5,3873.5,319.73,319.73,2883584000,1367275006
2047-01-27,956.73,2927.73,23.82,2927.73,2515271680,4225939474
2047-08-11,1981.99,2472.23,130.97,2472.23,2225669376,1679245687
2047-08-12,2019.23,2609.51,914.54,2609.51,1165260800,2712442897
2047-09-03,1532.38,3743.74,1532.38,3743.74,3184197632,170294005
2047-11-04,1904.9,2000.26,31.22,31.22,397213696,2369880239
2048-03-20,2796.98,3841.85,11.72,11.72,667484388,2723153117
2048-06-02,1457.01,2782.98,8.35,8.35,3459842061,2193744781
2048-08-26,1844.8,1844.8,15.13,15.13,108920911,421820121
2049-01-19,2638.52,3305.15,1337.1,3305.15,1345275904,642494658
2049-02-24,594.67,2998.15,594.67,2846.57,1522671616,45530912
2049-07-02,178.33,2538.59,3.93,3.93,1580007546,3088072141
2049-12-11,1005.62,3386.18,11.93,11.93,1722876042,3795924930
2050-01-15,825.25,2090.36,451.55,2041.43,2180513792,1219611054
2051-02-26,177.44,4087.25,3.07,3.07,3113746581,1762384861
2051-08-10,1369.62,3669.75,12.21,12.21,4275241160,110178389
2051-09-28,1449.44,2923.74,1019.28,1019.28,4274651136,1545084441
2051-10-21,3177.8,3177.8,9.44,9.44,207945912,900459865
2052-05-20,3136.51,3136.51,1354.99,1354.99,1218183168,3830992540
2052-10-08,390.42,3407.22,390.42,929.25,1562640384,810632302
2052-10-21,3804.72,3825.39,2994.95,3825.39,3963289648,2173776051
2053-01-31,1200.97,2756.43,101.78,101.78,325648384,3900632101
2053-03-26,1887.0,1887.0,13.16,13.16,660996507,456275569
2053-05-10,689.72,2376.71,0.24,0.24,3057543320,2031800475
2053-08-22,3300.32,3300.32,1859.96,3153.55,1963327488,1684327970
2053-10-24,4106.64,4106.64,4.99,4.99,3529375801,1343572354
2054-02-02,2729.8,4132.5,206.04,206.04,106037248,3836291355
2054-04-14,30.6,2139.87,30.6,254.05,66084352,3810486264
2054-07-19,1546.82,4021.55,1546.82,1962.3,1905590272,1052765735
2054-08-29,1640.42,2395.36,13.09,13.09,2945318960,1547565009
2054-11-28,3027.8,3027.8,284.81,284.81,3953328128,2236582730
2055-02-22,2000.26,2184.29,6.27,6.27,1473314936,320971756
2055-04-10,248.38,581.7,1.99,1.99,1071513821,2202909831
2055-04-12,594.53,1467.31,380.37,380.37,3969712134,498966212
2055-04-17,1287.23,1779.5,12.85,12.85,3833331803,2347637499
2055-05-28,979.68,979.68,11.52,11.52,2503155889,2518960513
2055-06-19,3199.59,4125.42,5.74,5.74,2251227300,4233340903
2055-07-13,319.3,4207.56,15.13,15.13,2410086409,2181614944
2055-08-19,3829.19,3829.19,2898.69,3046.13,2379677696,2907524128
2055-09-08,695.68,3960.13,15.18,15.18,1911628721,1870732917
2056-02-14,3838.19,3838.19,56.71,1850.78,3571646464,417002124
2056-02-21,3764.52,3764.52,8.29,8.29,544429056,2416018891
2056-03-19,499.15,1338.88,5.36,5.36,1191444679,2044950827
2056-04-20,520.87,3758.16,520.87,3758.16,1594858752,2130831232
2056-06-06,2400.95,3457.99,1408.0,2188.33,3700817920,984908442
2056-08-31,588.22,3183.05,4.11,4.11,268922898,3511661641
2056-10-13,417.07,1970.3,12.06,12.06,3505717365,757041606
2056-10-15,2597.79,2918.69,14.74,14.74,449314820,2392152959
2057-02-14,2052.89,2985.96,1.74,1.74,532086845,2969366298
2057-05-07,3891.24,3891.24,1559.11,1786.78,3368940544,2389058304
2057-06-24,2507.96,2507.96,12.94,12.94,3199467700,3364730250
2057-07-22,3431.55,3431.55,7.39,7.39,3900506685,3227907051
2057-09-29,2970.73,3067.26,5.85,5.85,1237057636,717764098
2057-10-15,976.73,3730.47,710.28,710.28,3261857794,3066327813
2057-11-10,3596.94,3596.94,716.69,2090.93,713424896,2907742401
2058-02-26,2392.28,2392.28,25.47,25.47,2697461896,2629063931
2058-04-11,1562.91,4180.26,1562.91,4180.26,1883111424,3733963832
2058-04-18,1310.5,4003.14,559.87,559.87,3721003008,1562841177
2058-05-18,2055.73,2295.2,856.84,856.84,1561460736,499447592
2058-07-16,105.52,3422.27,7.66,7.66,3925606510,453113584
2058-09-13,2431.34,3456.69,209.2,209.2,1665662986,3354486791
2058-11-05,626.38,3882.55,9.14,9.14,2142568500,221869037
2058-11-08,191.79,2953.51,191.79,2534.43,3245080576,2284766701
2059-04-09,1369.25,4053.11,3.9,3.9,2442002640,3375019554
2060-02-10,3758.41,3758.41,4.9,4.9,2282225736,4144753010
2060-03-09,3855.39,3855.39,13.34,13.34,1461911591,3510016501
2060-05-01,3991.9,3991.9,7.97,7.97,2249916436,255802865
2060-05-01,1401.1,1678.5,4.76,4.76,3264446615,3128055893
2060-05-08,3743.08,3743.08,13.67,13.67,1022099600,408969751
2060-05-24,3790.89,4251.98,651.02,4251.98,1509359616,1482196213
2060-07-30,1638.4,1929.38,201.34,201.34,3343909557,310837248
2060-10-09,254.99,3233.76,254.99,614.93,2292224768,2537277559
2060-10-30,2946.78,2995.06,13.32,13.32,3174057607,434647361
2061-01-15,2436.39,2461.48,268.87,2461.48,157548544,3820816664
2061-02-23,2149.52,4162.83,2149.52,4162.83,289079296,1103102224
2061-04-21,649.04,2634.27,13.83,13.83,1581711397,2444577326
2061-09-25,2213.52,2273.35,117.54,117.54,1998608384,3371417565
2061-10-02,2207.23,2766.22,646.0,2766.22,2668167168,1043072291
2062-02-16,31.96,4067.51,10.66,10.66,3806855422,1275935747
2062-03-05,1366.2,4232.21,625.68,2994.05,1739915264,3982716595
2062-03-20,2204.38,2850.26,1.3,1.3,2187985125,3159407695
2062-11-03,2226.67,3284.82,8.77,8.77,102301789,2619777193
2062-11-11,1713.55,1906.67,43.57,43.57,726925312,3240174604
2063-01-27,1430.96,3048.89,5.06,1454.0,3575572397,2745874858
2063-03-02,2306.46,2306.46,4.21,4.21,4276682889,1005039585
2063-03-09,123.64,2218.34,9.24,9.24,1942290455,1430403105
2063-03-09,2043.9,3365.84,9.2,9.2,669253749,3554851146
2063-03-27,1316.03,3648.08,508.98,3648.08,2954887168,3637021373
2063-07-02,55.94,2883.85,55.94,2808.99,887619584,723857490
2063-10-27,1605.05,2514.1,44.07,2514.1,1912012800,3587046561
2064-03-02,1013.14,3858.43,7.65,7.65,3717201946,2673332294
2064-10-15,951.04,4120.79,7.29,7.29,1138557102,3088941396
2064-11-18,2192.88,4138.45,557.16,1572.07,2031091713,4059072991
2064-11-19,3600.53,4045.68,1080.26,1080.26,3204317277,1031447862
2064-12-02,2595.0,4090.81,17.39,427.04,1200160768,3209506489
2064-12-27,694.03,1309.74,535.22,761.93,2694512640,3917847802
2065-03-19,3676.69,3676.69,91.38,1413.6,3062956032,853122136
2065-04-30,749.18,4062.98,749.18,1849.39,2584113152,2059208693
2065-06-18,258.41,2982.71,5.18,5.18,2059862155,639478628
2065-06-28,170.79,3658.12,170.79,3658.12,1667825664,960808159
2065-09-16,4122.24,4174.0,0.6,0.6,269222000,3079340788
2065-09-23,4032.21,4032.21,4.66,4.66,3997827231,3761637601
2065-10-07,1592.89,3983.27,13.02,13.02,2992373795,4000278797
2066-03-17,3498.79,3556.95,2495.18,2495.18,2478964736,2558115729
2066-07-24,1052.67,3004.99,1052.67,2057.54,3229548544,3561381201
2066-09-09,3997.88,3997.88,73.82,411.01,815096964,3135945510
2066-10-11,2666.11,3327.89,418.68,3327.89,2927099904,1516515077
2066-10-15,1029.5,3740.85,13.91,13.91,4017946636,1343947662
2066-12-30,259.95,3515.08,2.39,2.39,2827427952,2314498295
2067-01-03,1204.76,2749.28,720.53,2749.28,2007498752,2885877285
2067-03-06,291.57,4075.66,291.57,4075.66,3828023296,1729148385
2067-03-15,3451.03,3451.03,1125.98,1356.77,2666332160,1469794591
2067-03-16,1641.98,3649.49,828.11,3649.49,863698944,1364812714
2067-06-30,3757.67,3757.67,3.6,3.6,3440115833,1262521440
2067-12-11,1808.53,3783.83,1808.53,2820.82,3863150592,2944967716
2067-12-15,1378.23,4059.68,680.02,1107.95,4144103424,1517303232
2068-08-15,657.55,4251.73,657.55,3561.32,461242368,649878703
2068-08-28,3397.51,3917.51,6.81,6.81,1907818665,3341417770
2068-10-20,1085.36,1353.59,114.49,114.49,2314469462,1619703164
2068-12-19,2173.07,3666.58,15.77,15.77,1874591900,946866205
2069-01-14,3928.35,3928.35,1.06,1.06,4203872483,388149530
2069-02-19,1127.75,4087.45,1127.75,2943.35,3023044608,1229576964
2069-05-24,594.29,4040.67,594.29,4040.67,1926955008,3609077095
2069-05-29,1581.2,3151.57,1317.96,2272.33,1595939840,396699555
2069-07-12,2462.17,2462.17,491.36,1426.89,567214080,259566328
2069-09-04,1411.39,3245.52,478.23,924.42,3998023680,2177750922
2069-11-14,385.37,3888.11,385.37,546.34,3384016896,3740059085
2070-01-16,1581.17,2845.22,12.58,12.58,2765422647,1694287434
2070-02-28,1207.38,1207.38,8.09,8.09,1909915807,302472710
2070-04-05,4239.52,4239.52,771.75,771.75,3413987871,1255342080
2070-04-20,184.29,2782.16,184.29,524.9,2064187392,2270803683
2070-05-24,2440.71,3586.82,1818.07,1818.07,1702625280,1783636115
2070-11-09,1428.51,1980.04,15.06,15.06,856360689,4231146259
2071-05-30,2235.5,4019.95,4.92,4.92,2555838512,1351658844
2071-06-10,1731.09,3469.47,14.15,14.15,766967862,1294424100
2071-06-18,2369.67,3318.45,2.58,2.58,2009661497,3054357414
2071-09-27,117.01,3208.82,117.01,2179.23,3982426112,3041352925
2071-11-07,1702.75,3255.8,15.09,15.09,1382809668,863878231
2071-11-09,2800.3,3440.24,1073.78,1073.78,2617436672,222087304
2071-12-08,755.22,3841.32,75.93,3841.32,2627469312,823365122
2072-03-03,2600.71,3778.72,38.56,38.56,4152426496,3671166329
2072-04-12,298.15,3543.72,1.63,1.63,634519656,1342315607
2072-05-09,3193.31,3384.34,478.19,3384.34,747962368,497606043
2072-05-27,3221.29,3355.0,49.74,49.74,29380422,4176741630
2072-10-04,70.18,3860.79,70.18,124.91,499187712,2131337415
2072-10-17,2977.81,2977.81,1292.07,1292.07,1142947840,1391757811
2073-01-01,357.36,3602.22,357.36,2441.56,2966487040,2730499814
2073-01-29,3978.44,3978.44,2.61,2.61,2095448150,358618444
2073-04-14,956.49,2047.64,956.49,1827.12,478740480,900535570
2073-04-26,3729.23,3729.23,9.57,9.57,601817320,2889450070
2073-05-26,62.19,3025.97,62.19,3025.97,640483328,1213388949
2073-08-14,408.22,3012.44,408.22,3012.44,3470262273,3918415376
2073-10-11,1915.5,4185.61,1915.5,3182.65,3483172864,3814296798
2073-10-28,4004.34,4004.34,12.92,12.92,3416850467,1167036490
2073-11-24,473.39,1818.01,406.91,406.91,3587899440,3327546830
2074-03-03,4253.66,4253.66,7.14,7.14,1809645771,689983491
2074-03-15,1736.21,4185.37,1736.21,4185.37,965607424,3664713298
2074-04-02,473.42,3392.39,1.36,1.36,3105882270,131936564
2074-07-02,3228.06,3228.06,543.64,2731.68,2140930048,532000771
2074-07-06,1071.89,1706.12,590.4,1063.32,133203200,3321998974
2074-09-22,4265.35,4265.35,817.62,3228.08,3691446290,756273972
2075-03-13,2366.94,3800.58,0.07,0.07,3674554920,4244525737
2075-05-11,3337.31,3337.31,1108.61,3079.83,2080440320,3823985776
2075-08-03,3791.17,3791.17,4.91,4.91,417726628,551165368
2075-10-13,1692.97,2555.12,1.22,1.22,1918566606,2358958286
2075-11-27,2995.4,2995.4,1.94,1.94,4045013009,2126628676
2076-03-19,2015.21,3745.68,8.31,8.31,1359151309,2189846337
2076-06-07,422.49,3042.52,422.49,1322.58,2741502144,1796972975
2076-08-03,2005.75,3817.74,2005.75,3817.74,135593984,1207155389
2076-08-19,3204.01,3219.12,1665.77,3219.12,2134560536,3561356300
2076-11-29,4199.9,4227.43,1.16,1.16,543023537,1254642401
2077-02-09,2391.94,4264.58,227.35,4063.09,2993453056,4077387127
2077-04-02,1373.44,3729.62,948.44,3729.62,4228767744,1134130711
2077-05-26,2081.5,2357.83,32.71,32.71,2817261759,471167701
2077-10-26,4140.44,4265.15,1467.55,4265.15,2341470208,2932170512
2077-12-20,2669.31,2946.18,2.61,2.61,2937389306,1534865711
2078-01-16,111.78,2161.32,82.74,82.74,1785389056,578229868
2078-03-14,660.66,2510.33,7.25,7.25,2877751327,44337599
2078-06-14,3969.07,3969.07,11.79,11.79,2880162538,2437882618
2078-07-30,1046.32,3803.25,815.68,815.68,2435514538,277138245
2078-09-01,498.55,2594.12,20.41,20.41,3486646272,2542235156
2079-06-13,2576.43,2576.43,236.71,236.71,735351296,2191510006
2079-06-13,2608.79,3542.63,1407.07,3116.41,2982800906,2396358008
2079-07-15,1617.83,1617.83,13.82,13.82,1722908928,841045024
2079-10-12,2310.27,4246.15,16.45,16.45,541796264,391172280
2079-10-16,1869.66,1869.66,2.23,2.23,1963830528,2813234057
2079-11-01,1082.85,1390.7,388.79,1124.08,1502609488,2841124876
2079-12-04,2309.88,3456.12,2309.88,3456.12,3519938681,3557219455
2080-02-01,4253.38,4253.38,1761.12,2869.74,509411491,1617423903
2080-02-17,1021.31,2554.09,1021.31,1845.63,278968064,973517992
2080-04-28,1074.14,4271.49,13.11,4271.49,2202435594,1618600981
2080-05-31,551.31,551.31,109.1,109.32,41959424,71505976
2080-10-30,2893.97,3691.05,239.36,3691.05,3440409344,2120753266
2081-01-11,423.71,4236.04,423.71,2028.04,2977398832,2144729101
2081-04-06,1125.62,4228.32,473.96,4228.32,954087168,71299007
2082-01-17,1278.68,3412.16,1278.68,1776.07,3514171569,3764977914
2082-03-18,134.61,4044.91,134.61,4044.91,3225403648,4158700323
2083-12-27,3787.46,3823.12,2768.44,3823.12,4214407168,3237523719
2084-12-16,1895.27,2746.76,9.41,9.41,611883990,1082645481
2085-07-03,3685.8,3685.8,292.74,343.59,2626486473,1066158629
2086-04-22,1113.72,3177.77,1113.72,2155.6,917494016,4202325117
2088-03-31,3112.53,3112.53,248.87,2234.73,574924544,3310485607
2089-02-01,501.51,3174.42,501.51,3174.42,435432448,3742976589
2089-12-28,440.61,4244.64,440.61,3657.49,2449509987,2279479844
2090-09-08,279.28,541.46,17.33,541.46,1228939264,20976512
2091-01-14,134.91,4094.17,33.62,4094.17,135268546,2150114438
2091-06-15,2098.49,2098.49,0.68,0.68,535151707,1656254317
2092-02-02,1088.46,2167.01,68.71,68.71,3667919872,606240896
2093-08-15,136.45,675.29,4.03,675.29,2450526260,276849680
2095-03-20,3800.31,4216.04,20.26,20.26,4215210047,8416245
2095-07-25,738.07,3889.43,431.99,431.99,2916024525,7825654
2096-04-04,172.56,3841.8,172.56,3624.68,4025478656,4155457308
2096-04-19,1309.68,2224.36,26.03,26.03,17974528,1078925330
2096-11-02,419.48,3269.76,419.48,1783.11,9306154,4132816176
2098-04-15,2833.99,4021.59,162.48,162.48,1629552697,3768077914
2099-04-27,2191.72,2516.28,7.35,7.35,3255994320,4065011858
